uptime,dataset_id,strategy,exp_id,model_id,length,f1_adjusted,pc_adjusted,rc_adjusted,f1,pc,rc,delay,train_time,test_time,nb_epoch,nb_eval_entity,nb_total_entity
20250416-093241,SMD,best_adjusted,anomaly_transformer_SMD,anomaly_transformer,708320,0.8002250003961274,0.8214140494120326,0.7801016388884598,,,,0.08998156899885236,87.10895037651062,138.74218273162842,10,1,1
20250416-093241,SMD,pot_adjusted,anomaly_transformer_SMD,anomaly_transformer,708320,0.8019040764247857,0.7973260901387376,0.8065349369046249,,,,0.09240851469234433,87.10895037651062,138.74218273162842,10,1,1
20250416-093241,SMD,best,anomaly_transformer_SMD,anomaly_transformer,708320,,,,0.2625252760634739,0.28401346713725745,0.24405993179404037,0.05161350940716616,87.10895037651062,138.74218273162842,10,1,1
20250416-093241,SMD,pot,anomaly_transformer_SMD,anomaly_transformer,708320,,,,0.152297581957391,0.09818974350633508,0.33923353562598335,0.09240851469234433,87.10895037651062,138.74218273162842,10,1,1
