uptime,dataset_id,strategy,exp_id,model_id,length,f1_adjusted,pc_adjusted,rc_adjusted,f1,pc,rc,delay,train_time,test_time,nb_epoch,nb_eval_entity,nb_total_entity
20250417-161712,SMAP,best_adjusted,iforest_SMAP,iforest,427617,0.6895859361056577,0.5651235922188094,0.884355687800412,,,,0.14685685193167344,0.5335512161254883,0.6008045673370361,1,1,1
20250417-161712,SMAP,pot_adjusted,iforest_SMAP,iforest,427617,0.6993588436530053,0.5643739944420068,0.9192126734560181,,,,0.21468206604396042,0.5335512161254883,0.6008045673370361,1,1,1
20250417-161712,SMAP,best,iforest_SMAP,iforest,427617,,,,0.31226527700951995,0.686357320462191,0.2021082440093245,0.07065525467078103,0.5335512161254883,0.6008045673370361,1,1,1
20250417-161712,SMAP,pot,iforest_SMAP,iforest,427617,,,,0.01180952380952381,0.006234459558285798,0.11165684348395546,0.21468206604396042,0.5335512161254883,0.6008045673370361,1,1,1
