uptime,dataset_id,strategy,exp_id,model_id,length,f1_adjusted,pc_adjusted,rc_adjusted,f1,pc,rc,delay,train_time,test_time,nb_epoch,nb_eval_entity,nb_total_entity
20250417-164443,PSM,best_adjusted,iforest_PSM,iforest,87841,0.9132258203986338,0.8663303391985563,0.9654888695890661,,,,0.2656538337919115,0.6055159568786621,0.13135051727294922,1,1,1
20250417-164443,PSM,pot_adjusted,iforest_PSM,iforest,87841,0.37872340425531914,0.2336245437020631,0.9994735918582207,,,,0.3834572332175801,0.6055159568786621,0.13135051727294922,1,1,1
20250417-164443,PSM,best,iforest_PSM,iforest,87841,,,,0.49986625055728934,0.804766006316394,0.36251939989653387,0.026845945787453404,0.6055159568786621,0.13135051727294922,1,1,1
20250417-164443,PSM,pot,iforest_PSM,iforest,87841,,,,0.028141678796700632,0.014273409622246831,0.9914529914529915,0.3834572332175801,0.6055159568786621,0.13135051727294922,1,1,1
