uptime,dataset_id,strategy,exp_id,model_id,length,f1_adjusted,pc_adjusted,rc_adjusted,f1,pc,rc,delay,train_time,test_time,nb_epoch,nb_eval_entity,nb_total_entity
20250417-165425,SWAT,best_adjusted,iforest_SWAT,iforest,449918,0.8425522626477095,0.7778836289022424,0.9189481657829239,,,,0.37521796779668315,1.4813058376312256,0.5061056613922119,1,1,1
20250417-165425,SWAT,pot_adjusted,iforest_SWAT,iforest,449918,0.8396407039270002,0.755221310274073,0.9453082003302147,,,,0.45833954096642093,1.4813058376312256,0.5061056613922119,1,1,1
20250417-165425,SWAT,best,iforest_SWAT,iforest,449918,,,,0.7364120370370371,0.5828264692950315,0.9999057078199648,0.11002774512545822,1.4813058376312256,0.5061056613922119,1,1,1
20250417-165425,SWAT,pot,iforest_SWAT,iforest,449918,,,,0.7237841349492596,0.5919133812106112,0.9312561249783824,0.45833954096642093,1.4813058376312256,0.5061056613922119,1,1,1
